study,contrast,scale_b,scale_label,panel,value
Official 16K,ASCENT - Foundation,0.5,0.5B,1,0.0625
Official 16K,ASCENT - Foundation,0.5,0.5B,2,0.1125
Official 16K,ASCENT - Foundation,0.5,0.5B,3,0.125
Official 16K,ASCENT - Foundation,0.5,0.5B,4,0.125
Official 16K,ASCENT - Foundation,0.5,0.5B,5,0.0125
Official 16K,ASCENT - Foundation,0.5,0.5B,6,0.15
Official 16K,ASCENT - Foundation,0.5,0.5B,7,0.2
Official 16K,ASCENT - Foundation,0.5,0.5B,8,0.1
Official 16K,ASCENT - Foundation,0.5,0.5B,9,0.0625
Official 16K,ASCENT - Foundation,0.5,0.5B,10,0.1
Official 16K,ASCENT - Foundation,1.5,1.5B,1,0.8625
Official 16K,ASCENT - Foundation,1.5,1.5B,2,0.775
Official 16K,ASCENT - Foundation,1.5,1.5B,3,0.7875
Official 16K,ASCENT - Foundation,1.5,1.5B,4,0.8375
Official 16K,ASCENT - Foundation,1.5,1.5B,5,0.75
Official 16K,ASCENT - Foundation,1.5,1.5B,6,0.775
Official 16K,ASCENT - Foundation,1.5,1.5B,7,0.8
Official 16K,ASCENT - Foundation,1.5,1.5B,8,0.8
Official 16K,ASCENT - Foundation,1.5,1.5B,9,0.75
Official 16K,ASCENT - Foundation,1.5,1.5B,10,0.75
Official 16K,ASCENT - Foundation,3.0,3B,1,0.8
Official 16K,ASCENT - Foundation,3.0,3B,2,0.8
Official 16K,ASCENT - Foundation,3.0,3B,3,0.8125
Official 16K,ASCENT - Foundation,3.0,3B,4,0.8375
Official 16K,ASCENT - Foundation,3.0,3B,5,0.875
Official 16K,ASCENT - Foundation,3.0,3B,6,0.8125
Official 16K,ASCENT - Foundation,3.0,3B,7,0.825
Official 16K,ASCENT - Foundation,3.0,3B,8,0.825
Official 16K,ASCENT - Foundation,3.0,3B,9,0.825
Official 16K,ASCENT - Foundation,3.0,3B,10,0.85
Semantic holdout,ASCENT - Foundation,0.5,0.5B,1,0.025
Semantic holdout,ASCENT - Foundation,0.5,0.5B,2,0.025
Semantic holdout,ASCENT - Foundation,0.5,0.5B,3,0.0
Semantic holdout,ASCENT - Foundation,0.5,0.5B,4,0.0125
Semantic holdout,ASCENT - Foundation,0.5,0.5B,5,0.1
Semantic holdout,ASCENT - Foundation,0.5,0.5B,6,0.1
Semantic holdout,ASCENT - Foundation,0.5,0.5B,7,0.0375
Semantic holdout,ASCENT - Foundation,0.5,0.5B,8,-0.025
Semantic holdout,ASCENT - Foundation,0.5,0.5B,9,0.025
Semantic holdout,ASCENT - Foundation,0.5,0.5B,10,0.05
Semantic holdout,ASCENT - Foundation,1.5,1.5B,1,0.8
Semantic holdout,ASCENT - Foundation,1.5,1.5B,2,0.825
Semantic holdout,ASCENT - Foundation,1.5,1.5B,3,0.725
Semantic holdout,ASCENT - Foundation,1.5,1.5B,4,0.7625
Semantic holdout,ASCENT - Foundation,1.5,1.5B,5,0.775
Semantic holdout,ASCENT - Foundation,1.5,1.5B,6,0.85
Semantic holdout,ASCENT - Foundation,1.5,1.5B,7,0.75
Semantic holdout,ASCENT - Foundation,1.5,1.5B,8,0.7125
Semantic holdout,ASCENT - Foundation,1.5,1.5B,9,0.75
Semantic holdout,ASCENT - Foundation,1.5,1.5B,10,0.775
Semantic holdout,ASCENT - Foundation,3.0,3B,1,0.8
Semantic holdout,ASCENT - Foundation,3.0,3B,2,0.8625
Semantic holdout,ASCENT - Foundation,3.0,3B,3,0.7375
Semantic holdout,ASCENT - Foundation,3.0,3B,4,0.8
Semantic holdout,ASCENT - Foundation,3.0,3B,5,0.8625
Semantic holdout,ASCENT - Foundation,3.0,3B,6,0.8375
Semantic holdout,ASCENT - Foundation,3.0,3B,7,0.8375
Semantic holdout,ASCENT - Foundation,3.0,3B,8,0.725
Semantic holdout,ASCENT - Foundation,3.0,3B,9,0.875
Semantic holdout,ASCENT - Foundation,3.0,3B,10,0.7375
Direct peer,ASCENT - Q-RAG,0.5,0.5B,1,-0.4375
Direct peer,ASCENT - Q-RAG,0.5,0.5B,2,-0.5125
Direct peer,ASCENT - Q-RAG,0.5,0.5B,3,-0.5
Direct peer,ASCENT - Q-RAG,0.5,0.5B,4,-0.5875
Direct peer,ASCENT - Q-RAG,0.5,0.5B,5,-0.6125
Direct peer,ASCENT - Q-RAG,0.5,0.5B,6,-0.6875
Direct peer,ASCENT - Q-RAG,0.5,0.5B,7,-0.375
Direct peer,ASCENT - Q-RAG,0.5,0.5B,8,-0.5
Direct peer,ASCENT - Q-RAG,0.5,0.5B,9,-0.6
Direct peer,ASCENT - Q-RAG,0.5,0.5B,10,-0.4375
Direct peer,ASCENT - Q-RAG,1.5,1.5B,1,0.2375
Direct peer,ASCENT - Q-RAG,1.5,1.5B,2,0.275
Direct peer,ASCENT - Q-RAG,1.5,1.5B,3,0.25
Direct peer,ASCENT - Q-RAG,1.5,1.5B,4,0.1625
Direct peer,ASCENT - Q-RAG,1.5,1.5B,5,0.1625
Direct peer,ASCENT - Q-RAG,1.5,1.5B,6,0.175
Direct peer,ASCENT - Q-RAG,1.5,1.5B,7,0.325
Direct peer,ASCENT - Q-RAG,1.5,1.5B,8,0.2125
Direct peer,ASCENT - Q-RAG,1.5,1.5B,9,0.2
Direct peer,ASCENT - Q-RAG,1.5,1.5B,10,0.275
Direct peer,ASCENT - Q-RAG,3.0,3B,1,0.2625
Direct peer,ASCENT - Q-RAG,3.0,3B,2,0.25
Direct peer,ASCENT - Q-RAG,3.0,3B,3,0.2
Direct peer,ASCENT - Q-RAG,3.0,3B,4,0.25
Direct peer,ASCENT - Q-RAG,3.0,3B,5,0.2875
Direct peer,ASCENT - Q-RAG,3.0,3B,6,0.2375
Direct peer,ASCENT - Q-RAG,3.0,3B,7,0.3375
Direct peer,ASCENT - Q-RAG,3.0,3B,8,0.2
Direct peer,ASCENT - Q-RAG,3.0,3B,9,0.3
Direct peer,ASCENT - Q-RAG,3.0,3B,10,0.3
